{"cameraMode":{"drawMode":0,"name":"Shaded","section":"Shading Mode"},"sceneLighting":true,"audioPlay":false,"sceneViewState":{"showFog":true,"showMaterialUpdate":false,"showSkybox":true,"showFlares":true,"showImageEffects":true,"showParticleSystems":true},"in2DMode":false,"pivot":{"x":3.1733877658843996,"y":1.661789059638977,"z":-1.073900818824768},"rotation":{"x":0.13137264549732209,"y":-0.0905786007642746,"z":0.01205489318817854,"w":0.9871155023574829},"size":0.14379960298538209,"orthographic":false}