{"cameraMode":{"drawMode":0,"name":"Shaded","section":"Shading Mode"},"sceneLighting":true,"audioPlay":false,"sceneViewState":{"showFog":true,"showMaterialUpdate":false,"showSkybox":true,"showFlares":true,"showImageEffects":true,"showParticleSystems":true},"in2DMode":false,"pivot":{"x":-3.987273931503296,"y":-3.132042169570923,"z":21.134601593017579},"rotation":{"x":-0.07058010995388031,"y":0.06936832517385483,"z":-0.004917555022984743,"w":-0.9950928688049316},"size":14.312363624572754,"orthographic":false}